id,name,model_id:id,group_id:id,perm_read,perm_write,perm_create,perm_unlink
access_finca_campana_usuario,finca.campana.usuario,model_finca_campana,group_finca_usuario,1,0,0,0
access_finca_campana_admin,finca.campana.admin,model_finca_campana,group_finca_admin,1,1,1,1
access_finca_campana_user,finca.campana.user,model_finca_campana,base.group_user,1,0,0,0
access_finca_labor_usuario,finca.labor.usuario,model_finca_labor,group_finca_usuario,1,0,0,0
access_finca_labor_admin,finca.labor.admin,model_finca_labor,group_finca_admin,1,1,1,1
access_finca_contrato_usuario,finca.contrato.usuario,model_finca_contrato,group_finca_usuario,1,1,1,0
access_finca_contrato_admin,finca.contrato.admin,model_finca_contrato,group_finca_admin,1,1,1,1
access_finca_contrato_tramo_usuario,finca.contrato.tramo.usuario,model_finca_contrato_tramo,group_finca_usuario,1,1,1,1
access_finca_contrato_tramo_ajuste_usuario,finca.contrato.tramo.ajuste.usuario,model_finca_contrato_tramo_ajuste,group_finca_usuario,1,1,1,1
access_finca_socio_usuario,finca.socio.usuario,model_finca_socio,group_finca_usuario,1,0,0,0
access_finca_socio_admin,finca.socio.admin,model_finca_socio,group_finca_admin,1,1,1,1
access_finca_labor_socio_usuario,finca.labor.socio.usuario,model_finca_labor_socio,group_finca_usuario,1,0,0,0
access_finca_jornal_usuario,finca.jornal.usuario,model_finca_jornal,group_finca_usuario,1,1,1,0
access_finca_jornal_admin,finca.jornal.admin,model_finca_jornal,group_finca_admin,1,1,1,1
access_finca_maquinaria_trabajo_usuario,finca.maquinaria.trabajo.usuario,model_finca_maquinaria_trabajo,group_finca_usuario,1,1,1,0
access_finca_maquinaria_trabajo_admin,finca.maquinaria.trabajo.admin,model_finca_maquinaria_trabajo,group_finca_admin,1,1,1,1
access_finca_labor_movimiento_usuario,finca.labor.movimiento.usuario,model_finca_labor_movimiento,group_finca_usuario,1,0,0,0
access_finca_estado_cuenta_wizard_usuario,finca.estado.cuenta.wizard.usuario,model_finca_estado_cuenta_wizard,group_finca_usuario,1,1,1,1
access_secadora_lugar_finca_usuario,secadora.lugar.finca.usuario,bascula.model_secadora_lugar,group_finca_usuario,1,0,0,0
access_secadora_lugar_finca_admin,secadora.lugar.finca.admin,bascula.model_secadora_lugar,group_finca_admin,1,1,1,0
access_secadora_lote_finca_usuario,secadora.lote.finca.usuario,bascula.model_secadora_lote,group_finca_usuario,1,0,0,0
access_secadora_lote_finca_admin,secadora.lote.finca.admin,bascula.model_secadora_lote,group_finca_admin,1,1,1,0
access_maintenance_equipment_finca_usuario,maintenance.equipment.finca.usuario,maintenance.model_maintenance_equipment,group_finca_usuario,1,0,0,0
access_maintenance_equipment_category_finca_usuario,maintenance.equipment.category.finca.usuario,maintenance.model_maintenance_equipment_category,group_finca_usuario,1,0,0,0
access_maintenance_equipment_category_finca_admin,maintenance.equipment.category.finca.admin,maintenance.model_maintenance_equipment_category,group_finca_admin,1,1,0,0
